Tamanho (bytes),Tempo medio (ms)
8,0.000755
64,0.000830
512,0.001431
1024,0.001662
8192,0.007690
65536,0.030344
131072,0.050021
262144,0.084412
524288,0.162098
1048576,0.309192
