N,NSTEPS,Threads,Time(s)
64,50,1,0.221741
64,50,2,0.226701
64,50,4,0.210334
64,50,8,0.208955
64,50,16,0.212436
64,50,32,0.215919
