processos,M,N,tempo
2,512,512,0.000801
2,1024,1024,0.003152
2,2048,2048,0.011698
2,4096,4096,0.046176
4,512,512,0.000406
4,1024,1024,0.000845
4,2048,2048,0.005779
4,4096,4096,0.023155
8,512,512,0.000192
8,1024,1024,0.000508
8,2048,2048,0.001715
8,4096,4096,0.012469
16,512,512,0.000072
16,1024,1024,0.000450
16,2048,2048,0.001815
16,4096,4096,0.007207
32,512,512,0.000030
32,1024,1024,0.000128
32,2048,2048,0.000908
32,4096,4096,0.003647
