processos,M,N,tempo
2,512,512,0.000750
2,1024,1024,0.003160
2,2048,2048,0.012436
2,4096,4096,0.046574
4,512,512,0.000427
4,1024,1024,0.000862
4,2048,2048,0.006241
4,4096,4096,0.023371
8,512,512,0.000219
8,1024,1024,0.000501
8,2048,2048,0.001842
8,4096,4096,0.012798
16,512,512,0.000058
16,1024,1024,0.000455
16,2048,2048,0.001858
16,4096,4096,0.007357
