N,NSTEPS,Threads,Time(s)
4,50,1,0.000032
8,50,2,0.000285
16,50,4,0.003146
32,50,8,0.025483
64,50,16,0.211461
128,50,32,1.768776
