N,NSTEPS,Threads,Time(s)
32,50,1,0.024331
64,50,2,0.225061
128,50,4,1.743207
256,50,8,14.676455
