N,NSTEPS,Threads,Time(s)
64,50,1,0.219927
64,50,2,0.226243
64,50,4,0.208319
64,50,8,0.209697
64,50,16,0.211674
64,50,32,0.214258
