N,NSTEPS,Threads,Time(s)
32,50,1,0.025018
64,50,2,0.225540
128,50,4,1.730325
256,50,8,14.345118
