N,NSTEPS,Threads,Time(s)
64,50,1,0.201558
64,50,2,0.224469
64,50,4,0.204565
64,50,8,0.206089
64,50,16,0.208183
64,50,32,0.211741