N,NSTEPS,Threads,Time(s)
64,50,1,0.200429
64,50,2,0.226229
64,50,4,0.207168
64,50,8,0.205985
64,50,16,0.208110
64,50,32,0.212872